type,name,module,path,hash
"yaml","manifest","_config","_config/manifest.yaml","2250e08c7c3f573dd873f93ff8f3974308cd5e9d1325506562849c0601ecd430"
"csv","module-help","bmm","bmm/module-help.csv","c3c1033c8fffef924bb71342e22a0a2a8243911a0b856e2aa7804d8bb49feb5a"
"html","validation-report-template","bmm","bmm/plan/bmad-prd/assets/validation-report-template.html","a80becdd8205d2d7c18738855830b096172a496b96b5ca8a0820ec55c9bb8bf9"
"html","validation-report-template","bmm","bmm/plan/bmad-ux/assets/validation-report-template.html","8656945636fabe96624f8ef8fce931b073b5aecbe42d490584c1d5c7f31e1353"
"json","bmad-manifest","bmm","bmm/plan/bmad-prfaq/bmad-manifest.json","b67b016cd68535a97bd9164c237fbfe19a5b26bc1a3f0afe203fecfa40aab6ff"
"md","acceptance-verdict","bmm","bmm/ship/bmad-retrospective/references/acceptance-verdict.md","09a65007c39af83e01e039331c252e6e670b134cd5e2a4b5e05ac9d9fb7e37f1"
"md","aggregate-views","bmm","bmm/ship/bmad-retrospective/references/aggregate-views.md","5b278afce4a53692d8715b4af178e4233da0876921dc3154b5763d056cb5ff0b"
"md","artifact-analyzer","bmm","bmm/plan/bmad-prfaq/agents/artifact-analyzer.md","7bdc44830f8d593346ec0ee15e36e1e431432fcc6c38b70bb861999315c9cfa4"
"md","best-practices","bmm","bmm/plan/bmad-project-context/references/best-practices.md","850c45d2e1de44b1cd8e3b06b8175df53aac8983326d73351eab547bfacc532b"
"md","brief-template","bmm","bmm/plan/bmad-product-brief/assets/brief-template.md","bb28edf75d023067551c8d417b19b8803324e7acfb2ad0c80f882e9134f4c1f1"
"md","checklist","bmm","bmm/ship/bmad-correct-course/checklist.md","3e082b95def90ccb876e3101ce0bbaf797a0f03a9471e1347361897f27977327"
"md","checklist","bmm","bmm/ship/bmad-qa-generate-e2e-tests/checklist.md","b58f810aeb1040c2f6758c88aa133afce72f8cc178d3d97ff0fbaa3d943057dc"
"md","claims-check","bmm","bmm/ship/bmad-build/references/claims-check.md","50ea17cb89a78ef815286dde2dabfd09f1dc9841d07a10857f88b39ab7b9bd2a"
"md","claims-check","bmm","bmm/ship/bmad-build-auto/references/claims-check.md","50ea17cb89a78ef815286dde2dabfd09f1dc9841d07a10857f88b39ab7b9bd2a"
"md","claims-check","bmm","bmm/ship/bmad-code-review/references/claims-check.md","7be5d35dd90a1950addc2062acdf8669026b239117efe1e398da1e8161cfa6f9"
"md","color-themes","bmm","bmm/plan/bmad-ux/assets/color-themes.md","ccb6e4ef47a196476cf9392d788938ad3ca8d07b9ce095b7c092dcb4e06735f0"
"md","compile-epic-context","bmm","bmm/ship/bmad-build/compile-epic-context.md","6793b15ae85766cee529e6b349e45f2c6ec9e3212019611c29e8c77b4dc4b924"
"md","compile-epic-context","bmm","bmm/ship/bmad-build-auto/compile-epic-context.md","64d13b41974cfa0dfc1de64b6fbd8365e9b99f91c7c98f0ee1a9fbd018f324ca"
"md","creative-tools","bmm","bmm/plan/bmad-ux/references/creative-tools.md","e281292d7c0fdecdbb67ca9b7d95d4bed803626ba5edfd8dcc99146fcaa118e6"
"md","customer-faq","bmm","bmm/plan/bmad-prfaq/references/customer-faq.md","96f8565197649c58908a1d61b6cd805fd01f57da7945ba889c18d087ad597aeb"
"md","deletion-check","bmm","bmm/ship/bmad-build/references/deletion-check.md","0f1f124e4e957147e89164a272b10bedc694ad0d9ad2618c8610ac74ee9cb0da"
"md","deletion-check","bmm","bmm/ship/bmad-build-auto/references/deletion-check.md","0f1f124e4e957147e89164a272b10bedc694ad0d9ad2618c8610ac74ee9cb0da"
"md","deletion-check","bmm","bmm/ship/bmad-code-review/references/deletion-check.md","0f1f124e4e957147e89164a272b10bedc694ad0d9ad2618c8610ac74ee9cb0da"
"md","design-directions","bmm","bmm/plan/bmad-ux/assets/design-directions.md","eab73b948da76a27abc908e1e7d6b124e8ff0362e6dd1990f7e60b9541cbcb98"
"md","design-example-editorial","bmm","bmm/plan/bmad-ux/assets/design-example-editorial.md","a659166845b1a4ed3f9aef942c5935537a97382b10303684fbb78ed86265870e"
"md","design-example-mobile","bmm","bmm/plan/bmad-ux/assets/design-example-mobile.md","a93fb9f114f2e83af0c961c0d7909b3859fc80bcd713715517cd639a53a0372a"
"md","design-example-shadcn","bmm","bmm/plan/bmad-ux/assets/design-example-shadcn.md","25e0dfb2bb21483973a8f0a6ed650288b3dc2ae5ed02aa0f091bb9b6b0b39fc0"
"md","design-md-spec","bmm","bmm/plan/bmad-ux/references/design-md-spec.md","d04d5f663607aba3f3181e818ae33856e6caf5e560dcb16fa64ed80b7cf3d590"
"md","edge-case-hunter","bmm","bmm/ship/bmad-build/review-prompts/edge-case-hunter.md","8fc046af1cbf4ecc928207cec75e29c3c260adb86cc7da77537ade3b3a3b9448"
"md","edge-case-hunter","bmm","bmm/ship/bmad-build-auto/review-prompts/edge-case-hunter.md","8fc046af1cbf4ecc928207cec75e29c3c260adb86cc7da77537ade3b3a3b9448"
"md","edge-case-hunter","bmm","bmm/ship/bmad-code-review/review-prompts/edge-case-hunter.md","5f4572d57340b4c0d155f33454d644a44af101cd7fd02a01591be68a4ebb8b7f"
"md","epics-template","bmm","bmm/plan/bmad-create-epics-and-stories/templates/epics-template.md","a804f740155156d89661fa04e7a4264a8f712c4dc227c44fd8ae804a9b0f6b72"
"md","evidence-gathering","bmm","bmm/ship/bmad-retrospective/references/evidence-gathering.md","575bace78d7c03c48d86a209dd664f7dd22295a222b75e6d6298894cb7b7ce00"
"md","excalidraw-wireframe","bmm","bmm/plan/bmad-ux/assets/excalidraw-wireframe.md","660bbcdebff50cd044a3752eda43f3cb303aca4b0f521b55a270da93b89ddb18"
"md","experience-example-mobile","bmm","bmm/plan/bmad-ux/assets/experience-example-mobile.md","f8cd54c92193cd8c34a472df9c212ac7330976f6a115b729721dcb60034dc4f0"
"md","experience-example-shadcn","bmm","bmm/plan/bmad-ux/assets/experience-example-shadcn.md","d6ca16e87b768e8b41f352c02ee08af21d7cdac04ca21e6ae1556864b4d27590"
"md","fix-sprint-status","bmm","bmm/plan/bmad-sprint-planning/references/fix-sprint-status.md","0406c31b70da33e2a354d9785f43d8f9918f4b923d0aac2ebd1e3707ebad5806"
"md","generate-tracking","bmm","bmm/plan/bmad-sprint-planning/references/generate-tracking.md","4dbf7aca26d0e6e893f288fc5e6158dbbcd65f77bbaf95e941ca705abceb1741"
"md","generate-trail","bmm","bmm/ship/bmad-walkthrough/generate-trail.md","4a5936d86fbe5a85285b4535097b1e2edda8849da35586f4b588a982d7224459"
"md","headless","bmm","bmm/plan/bmad-architecture/references/headless.md","4db2708f335c94cb024b5eba022b1e3d88b1ec61c94c4716626d9b89684f5833"
"md","headless","bmm","bmm/plan/bmad-prd/references/headless.md","4dad58ebee63933a53179016513ff94d143ce9f68e226489d390e2c36bf1d848"
"md","headless","bmm","bmm/plan/bmad-ux/references/headless.md","8da7e23d269b1644f45b5104a243a6a27fd8d075aebb95d9b7752f0d143f0f5d"
"md","headless-schemas","bmm","bmm/plan/bmad-prd/assets/headless-schemas.md","8d3621333a72400512bd62511bc4c73fc745711505e1f852c697ff8c5fa2de93"
"md","headless-schemas","bmm","bmm/plan/bmad-spec/assets/headless-schemas.md","83afb3614716db2347d83586a67b9c524492dd50db5282436ccb35c99fb5f08a"
"md","headless-schemas","bmm","bmm/plan/bmad-ux/assets/headless-schemas.md","e3a773dde85286f1a6f6dd8b26fc17e09ccea96f6257dfe7fb436353cd79242d"
"md","internal-faq","bmm","bmm/plan/bmad-prfaq/references/internal-faq.md","26eb83f844cda1ed8efb50f4703d61713ada8a64bd27eb387f759f858b5748de"
"md","key-screens","bmm","bmm/plan/bmad-ux/assets/key-screens.md","ff1c5060673dd595edd61e76806bae876264ec6895c2eaadf8a6190785bf5f7b"
"md","prd-template","bmm","bmm/plan/bmad-prd/assets/prd-template.md","b6fe8fc1390b8e46961d5eb5e6f2fe6c65dca2f30623d492677672e02868f7ab"
"md","prd-validation-checklist","bmm","bmm/plan/bmad-prd/assets/prd-validation-checklist.md","41d9f09064772a92ec908d970618e47ba63dc86b5c5a1a21d5a2c676d3ba8e3f"
"md","press-release","bmm","bmm/plan/bmad-prfaq/references/press-release.md","c406adb0e2d2cc326cbc45d0174f89d014523448ad82bc272293999d22aec596"
"md","prfaq-template","bmm","bmm/plan/bmad-prfaq/assets/prfaq-template.md","b27e6964f0437ab4e78c8c0ffbe5052c28e3b3ef2fc811726cbb394d5a5c7559"
"md","readiness-gate","bmm","bmm/plan/bmad-sprint-planning/references/readiness-gate.md","7d58ea61fafe3c1d8218203abc7512e322ca384c78d9e71829df55dfabe1245b"
"md","README","bmm","bmm/v6-shims/README.md","5495469425b50bca1cd74899c6ebfe840f137cf2a68d008bc993aa2574bd9972"
"md","retro-document","bmm","bmm/ship/bmad-retrospective/references/retro-document.md","de8164664cd2be7f73b8ba5552e9e0f58816d2a7c4be8efc7715461846bb7001"
"md","reviewer-gate","bmm","bmm/plan/bmad-architecture/references/reviewer-gate.md","d32e32a3c1d59b5612b947004f3f6fef1117a13ce9f1ffa428d616e0b5d4db69"
"md","SKILL","bmm","bmm/agents/bmad-agent-analyst/SKILL.md","8b7c9d72968614a846ca3607e4b9eb4b124d36eb6dac86150e35eeb4bcd7d913"
"md","SKILL","bmm","bmm/agents/bmad-agent-architect/SKILL.md","dcedd59cea2aa2d9dac0efda0d62824f624dbd80164280306ef830fcc7822f16"
"md","SKILL","bmm","bmm/agents/bmad-agent-dev/SKILL.md","0bc44690f0dc7fdeaabd763efd3ead4b2e8bb8b3a8d5437140605a544b39bb1f"
"md","SKILL","bmm","bmm/agents/bmad-agent-pm/SKILL.md","e38fe9aa923f3e4c885aad87d32d34afa6f1a5952ff9697a656f85378f9e9a04"
"md","SKILL","bmm","bmm/agents/bmad-agent-ux-designer/SKILL.md","8fb7ee707fe0e9795608e54ab5bf93af46183134fb2f38d5b964b8a98fa85c1e"
"md","SKILL","bmm","bmm/plan/bmad-architecture/SKILL.md","4a256afa9c725e0bf5b55961d21774f1eb00011dbe31509e280a955bdb1a5c09"
"md","SKILL","bmm","bmm/plan/bmad-create-epics-and-stories/SKILL.md","df61e2df22e0645f44a60c15320f2b93fbabf4a62fbb4a2eac399b7e7a081127"
"md","SKILL","bmm","bmm/plan/bmad-prd/SKILL.md","1e0436d7863406e9f4ed6d1b9d97d2c3304dbcdf8dc4c5b1e76b560d0663bbb9"
"md","SKILL","bmm","bmm/plan/bmad-prfaq/SKILL.md","5c699e0f9eb5b40d29403c87077a820a5a36d91bd730f88998daf21c48b77891"
"md","SKILL","bmm","bmm/plan/bmad-product-brief/SKILL.md","ab64cab428cd5014dcade28df615ac75ac10cc501eab0410567f1f9a3dd15e1a"
"md","SKILL","bmm","bmm/plan/bmad-project-context/SKILL.md","50b0ee0f4905273dd7f8a57a4e79b2ff47eabb074b6f4bce8242b950b37dfb63"
"md","SKILL","bmm","bmm/plan/bmad-spec/SKILL.md","46a2c3d5541d63af1520fac6b7abfff161a94b52fed51df6454115e3da5639c7"
"md","SKILL","bmm","bmm/plan/bmad-sprint-planning/SKILL.md","dad69f365f08e4043f07c1b10c1d387aedf544696be9f5ee06be885eb2263f07"
"md","SKILL","bmm","bmm/plan/bmad-ux/SKILL.md","9bbdf3c884d5ccaaafc1bf740ce412b0c220239880625c49e8856cfacee01ffe"
"md","SKILL","bmm","bmm/ship/bmad-build/SKILL.md","1cdf5406965ba24236d2375739d839699eb56b619834490539d1bd3d5111f890"
"md","SKILL","bmm","bmm/ship/bmad-build-auto/SKILL.md","ea798a5f7df3b11eb73555a54fc0516c70d8f98739bd7857d968297b26f6ef94"
"md","SKILL","bmm","bmm/ship/bmad-code-review/SKILL.md","c6aad905fb70b76f88db76550f0de3b9170ea99099c0b592c6c3609bf3c05218"
"md","SKILL","bmm","bmm/ship/bmad-correct-course/SKILL.md","d04921fc889c501ca3d6cb8abd087dcd0884fb4b21b4d386b896a058526c4cbf"
"md","SKILL","bmm","bmm/ship/bmad-qa-generate-e2e-tests/SKILL.md","23e70e3c69ef91d73a61109fbc2abe41241756ed61ac28b5e6da7dcfd5b52eb5"
"md","SKILL","bmm","bmm/ship/bmad-retrospective/SKILL.md","dc43ce39da086330fd645cf2ae560d5be941761a6f35478e3e9278c7b721a08f"
"md","SKILL","bmm","bmm/ship/bmad-walkthrough/SKILL.md","19aeb0a2451aae83a2a8fe3a314e383332c4e2108d6cedfa38f79e7b9b9ef80e"
"md","spec-template","bmm","bmm/plan/bmad-spec/assets/spec-template.md","4b3a032c045fdd0903933446fc07f93e879997f28a0294ed4344da71192b20ee"
"md","spec-template","bmm","bmm/ship/bmad-build/spec-template.md","e217325964857ebd90a9508bf171eddc2c4ad1b0b9b32a119775ac5c015695fd"
"md","spec-template","bmm","bmm/ship/bmad-build-auto/spec-template.md","59a046df2773ec05af0688823d17238bfde2bb54c0c3b3eff6acec4856f1eb7a"
"md","spine-template","bmm","bmm/plan/bmad-architecture/assets/spine-template.md","ef4ff795624eb5439fae54a06edb389feb5a0cf79cb01ae007af51109335d198"
"md","status-view","bmm","bmm/plan/bmad-sprint-planning/references/status-view.md","c3547e221ebf6e55c874e2ada3e8c18198835213c76f0bb2e0e64150aac355ab"
"md","step-01-clarify-and-route","bmm","bmm/ship/bmad-build/step-01-clarify-and-route.md","1e8095b08e9e9c57d9b24678b524e07d0b6bbb5af72ba213622f12a1c7d909cc"
"md","step-01-clarify-and-route","bmm","bmm/ship/bmad-build-auto/step-01-clarify-and-route.md","50674ecef3b4b7a26b993685c9a79ccd87b00b2255d51b6b9c13ed32aa6d1ffa"
"md","step-01-gather-context","bmm","bmm/ship/bmad-code-review/steps/step-01-gather-context.md","51941fd52406cf075ac9172cdcbeebefe85df91ea818ad8ec723724de67a1831"
"md","step-01-orientation","bmm","bmm/ship/bmad-walkthrough/step-01-orientation.md","d9e3b949c36d49a025f3535773af2b51888fe4ce616b6d6d69683a122716b1d2"
"md","step-01-validate-prerequisites","bmm","bmm/plan/bmad-create-epics-and-stories/steps/step-01-validate-prerequisites.md","7181608c1ee4e55c084c6627d68fc55a8a0b6917e489f8ac77531a0530428a30"
"md","step-02-design-epics","bmm","bmm/plan/bmad-create-epics-and-stories/steps/step-02-design-epics.md","7c66987808c1f84e853fe54b7aff26d209196d450b5644704110f124a15179bc"
"md","step-02-plan","bmm","bmm/ship/bmad-build/step-02-plan.md","5c999430f818f58fc5e4f64309a1b0f81358ce0ddcfbd3f44b25d56279ef25d8"
"md","step-02-plan","bmm","bmm/ship/bmad-build-auto/step-02-plan.md","a08e303c10f88dbfce88c55044757ec5059afe338793eb414e1ddb0b7c324625"
"md","step-02-review","bmm","bmm/ship/bmad-code-review/steps/step-02-review.md","f2b8e654cf595746656d9861c4ac722f65b02939c53900f4f6d8b24988b2155a"
"md","step-02-walkthrough","bmm","bmm/ship/bmad-walkthrough/step-02-walkthrough.md","66cf893f8f968ee81034e9ccd8c20415692c3a8c23a9a143c2245fe6c800acdc"
"md","step-03-create-stories","bmm","bmm/plan/bmad-create-epics-and-stories/steps/step-03-create-stories.md","c5b787a82e4e49ed9cd9c028321ee1689f32b8cd69d89eea609b37cd3d481afc"
"md","step-03-detail-pass","bmm","bmm/ship/bmad-walkthrough/step-03-detail-pass.md","d48163b9f305f15af57729a8443142e47beb6c3e977554afe12b39ee49cb9fc0"
"md","step-03-implement","bmm","bmm/ship/bmad-build/step-03-implement.md","15fd02d2f655d4102c515134ed6aa40cd055bd9d811e49d529512f8f36d09b03"
"md","step-03-implement","bmm","bmm/ship/bmad-build-auto/step-03-implement.md","0dc9c9634eca148baaec03e7d154840a14101f92492b7ab469625bf13b4e2ab5"
"md","step-03-triage","bmm","bmm/ship/bmad-code-review/steps/step-03-triage.md","337ac3ad2cd8cabb34f4e47c8778cfd703f919753573dd9d708b7218fd5de684"
"md","step-04-final-validation","bmm","bmm/plan/bmad-create-epics-and-stories/steps/step-04-final-validation.md","0440ee43eadb39780f0647c27b2e8af5c153e68c9a33350dc9203bf81f388513"
"md","step-04-present","bmm","bmm/ship/bmad-code-review/steps/step-04-present.md","a9619f7df9b9112c0e42ee71a362f73dfa38ef6dff7b403975dbd6d2480a8d9f"
"md","step-04-review","bmm","bmm/ship/bmad-build/step-04-review.md","f6b3f3fa5d3af0b324db2efee9351d4c348bdc0dfa4dad6c058eb4fd37921333"
"md","step-04-review","bmm","bmm/ship/bmad-build-auto/step-04-review.md","c5530c50c89f197720275b83466b382f896fa27a0bba30d4b75c6af162148cdf"
"md","step-04-testing","bmm","bmm/ship/bmad-walkthrough/step-04-testing.md","28a56e868968ea2d18add0df8c4bccced0f94b698e218df3d45ddac072ce369c"
"md","step-05-present","bmm","bmm/ship/bmad-build/step-05-present.md","551e0847e2ebb64575180a5dacca5786b9b9d7825dcd986e1b3b58442eaf713a"
"md","step-05-wrapup","bmm","bmm/ship/bmad-walkthrough/step-05-wrapup.md","5bfe0f9240ae073f1b5c843d172c11e76cbe6067e8df414ea6a338c81f113f5d"
"md","step-oneshot","bmm","bmm/ship/bmad-build/step-oneshot.md","241fa52e227c048a5d8e4428bef0f153267475f697640899deb218b58ebfd378"
"md","stories-schema","bmm","bmm/plan/bmad-spec/assets/stories-schema.md","4f8137c00e2710288354a4466d1cfb90704f4b2a04bd3b63924218fd589cc6a9"
"md","sync-sprint-status","bmm","bmm/ship/bmad-build/sync-sprint-status.md","7ff44d21f5d813f4993780271eec8df2fce1373f525ff80e595b7c10618c4c36"
"md","team-discussion","bmm","bmm/ship/bmad-retrospective/references/team-discussion.md","a9c504c436038c7e47d08322413aa3c213d2859b36ae30e873cb8c60fd9e008e"
"md","template","bmm","bmm/plan/bmad-project-context/references/template.md","5e2bc291e734a481fd2925877adfbe82b03313f300baf67dfdb6fa22a1181601"
"md","validate","bmm","bmm/plan/bmad-prd/references/validate.md","19b2fa66d58cb4fef3d920cd09c81f8add4ee44dd4191bec87eaba84c2093338"
"md","validate","bmm","bmm/plan/bmad-sprint-planning/references/validate.md","ac680fa0a0f945a9bc0fc89ca709b2a8e6bc3b2617cd0d3d730378c4b5edd86d"
"md","validate","bmm","bmm/plan/bmad-ux/references/validate.md","7c2189d9ac1585d9408b6ed0346ba564869e7db89dba8f81044db3431cfcee65"
"md","verdict","bmm","bmm/plan/bmad-prfaq/references/verdict.md","c962ce2c97e824cb53dae70c898153ffac3ea56b56565012ca2b96bb21c9618c"
"md","verification-gap","bmm","bmm/ship/bmad-build/review-prompts/verification-gap.md","45ab0b8c4c56c5c055c97a293a8591a67e256d0b1a2058ce1f093cd866be8d03"
"md","verification-gap","bmm","bmm/ship/bmad-build-auto/review-prompts/verification-gap.md","45ab0b8c4c56c5c055c97a293a8591a67e256d0b1a2058ce1f093cd866be8d03"
"md","verification-gap","bmm","bmm/ship/bmad-code-review/review-prompts/verification-gap.md","06f6184d7d94c808970d0146cdc4585dfd66b94a7b7ab2988277fb6fc4208508"
"md","web-researcher","bmm","bmm/plan/bmad-prfaq/agents/web-researcher.md","6e9127bb9bd3e4b15c701e4ced9eef328769262cd34eadc221bebe954c1f3aef"
"md","workflow","bmm","bmm/ship/bmad-build/workflow.md","481ff00ef349a9c7845feca02bbfd5722b1e318ccabac858355da6c90c2d8a39"
"md","workflow","bmm","bmm/ship/bmad-build-auto/workflow.md","611f429206029a903ec9433ccdfd9b186fbafc6dc95da0a21fbcdf5965ad25ea"
"py","git_evidence","bmm","bmm/ship/bmad-retrospective/scripts/git_evidence.py","6e08688d2943217b61e784c7df3508aa1502d7cecf53ea7cd530944c431c91b6"
"py","lint_spine","bmm","bmm/plan/bmad-architecture/scripts/lint_spine.py","040e0f1c13d31e6a21c518df943d1d7de7b75d8d98a07603b0983f3f3fb500db"
"py","sprint_plan","bmm","bmm/plan/bmad-sprint-planning/scripts/sprint_plan.py","4c30f62c261599fc1da3fd319ea6ce5092aa0332221cedee1763a1040627e6bc"
"py","sprint_status","bmm","bmm/ship/bmad-retrospective/scripts/sprint_status.py","a697eecd53cd9177657aee4cfdb2eab06d7d81f3e855b096cfe0482a74c50ebe"
"py","test_git_evidence","bmm","bmm/ship/bmad-retrospective/scripts/tests/test_git_evidence.py","0abfc8fad338830fc2db656d3ccc500631b0ea7a2ab87d853c13a6bbd46ff13c"
"py","test_lint_spine","bmm","bmm/plan/bmad-architecture/scripts/tests/test_lint_spine.py","e86bb9a62c5cca74ddc89c843386f2b992610fcc1792d40e03bc9cd445b77681"
"py","test_sprint_plan","bmm","bmm/plan/bmad-sprint-planning/scripts/tests/test_sprint_plan.py","f1c3b640e156946b0a234e233807b2a3983cb0d3f2d13dbb9830fbe0c67e5238"
"py","test_sprint_status","bmm","bmm/ship/bmad-retrospective/scripts/tests/test_sprint_status.py","23da16cca54904a256fcf88fd8f912c3f6091ea343768c241bbd2aeebbca2af3"
"pyc","sprint_plan.cpython-311","bmm","bmm/plan/bmad-sprint-planning/scripts/__pycache__/sprint_plan.cpython-311.pyc","0fe1a96a2b46fc9aaa10576b23f99908f8b292c62b69c981f64c4dc43a9ddc16"
"pyc","sprint_status.cpython-311","bmm","bmm/ship/bmad-retrospective/scripts/__pycache__/sprint_status.cpython-311.pyc","d4eb873a77a385739b2679f123fe3c0410af6b364d03ede66f8c39b579ae9cde"
"pyc","test_git_evidence.cpython-311-pytest-9.1.1","bmm","bmm/ship/bmad-retrospective/scripts/tests/__pycache__/test_git_evidence.cpython-311-pytest-9.1.1.pyc","8a93816fef76406fa332567f7b522e98ad8efcb0e3913f2466b763828bef5d85"
"pyc","test_sprint_plan.cpython-311-pytest-9.1.1","bmm","bmm/plan/bmad-sprint-planning/scripts/tests/__pycache__/test_sprint_plan.cpython-311-pytest-9.1.1.pyc","47bb2cab5ed1bd3b8eff04d263bd89ec93aff7b8bb1be751bc4df4dcbdbb281d"
"pyc","test_sprint_status.cpython-311-pytest-9.1.1","bmm","bmm/ship/bmad-retrospective/scripts/tests/__pycache__/test_sprint_status.cpython-311-pytest-9.1.1.pyc","1cd4f09e6d489efa47bb7cf6e2f1ba735153a2573a1b6385b7311288eff57370"
"toml","customize","bmm","bmm/agents/bmad-agent-analyst/customize.toml","d6e2c5c660e8900866298961266a0b1c189c8643f2c1c9da602101e9f98d3388"
"toml","customize","bmm","bmm/agents/bmad-agent-architect/customize.toml","bd0ebb48faeab1e6f709d0291a13d33003484a597ed2b9c90f221b2345513b06"
"toml","customize","bmm","bmm/agents/bmad-agent-dev/customize.toml","ab52d8840427e10d5956b592c34e63edc77ebdafd7b54ce60da11cf67ed72ced"
"toml","customize","bmm","bmm/agents/bmad-agent-pm/customize.toml","4613c72cfe3bc3143bd50c5732bce464c21c7266fe7dd930bc659c54e7315b39"
"toml","customize","bmm","bmm/agents/bmad-agent-ux-designer/customize.toml","4acd1d9cdbf4a4328c389229ea9e9f2885d0692f8e10e3d9456da45844337c2c"
"toml","customize","bmm","bmm/plan/bmad-architecture/customize.toml","e9c5f75bd6605199f3908d6a1f013d6b42fb12b6f35c9a5e13a44f7f872b7b79"
"toml","customize","bmm","bmm/plan/bmad-create-epics-and-stories/customize.toml","e7633a4e6e33161c7cb13034e5132d9d29f8a7031e75765d16a60724f2089557"
"toml","customize","bmm","bmm/plan/bmad-prd/customize.toml","d23707fe7ff5f5060a05b5b8bda3f170b9b1d9be61e409e9f7ae91f83572db6a"
"toml","customize","bmm","bmm/plan/bmad-prfaq/customize.toml","b764b9ea360734d681115b958d0ccd478f1b56ce0045ecd6f71311ef005d8980"
"toml","customize","bmm","bmm/plan/bmad-product-brief/customize.toml","bef95b0ab71793d214ec59ed7397a25f7253e63fad5d60570248614db6186905"
"toml","customize","bmm","bmm/plan/bmad-project-context/customize.toml","9bf8a3aa919832cd8932853da550fcaebd06a9e13c0cde453f4379d8327f9c0f"
"toml","customize","bmm","bmm/plan/bmad-spec/customize.toml","d0f1f926bed79d514f8fdbc458a1883167fb64663bf2464c40e3c50dc2dcdbea"
"toml","customize","bmm","bmm/plan/bmad-sprint-planning/customize.toml","54c7f6a8af77ff7ea6c9dbb00b515023999e011aabc802b7b328e82f505b0299"
"toml","customize","bmm","bmm/plan/bmad-ux/customize.toml","e85144ed214dc1e002ee7fc6589a0a7ef352c5f79ab4cb37a4e05ee8e245549c"
"toml","customize","bmm","bmm/ship/bmad-build/customize.toml","0ee9b033a40640420d1dc3411de7428146d00bf8c1409c9a9cfe6c1743cd53b9"
"toml","customize","bmm","bmm/ship/bmad-build-auto/customize.toml","31417a8239f213c00621bb9016c3099631ae7ef03731ce5be209a5668a5730ee"
"toml","customize","bmm","bmm/ship/bmad-code-review/customize.toml","282d9483ccb74acab1efb965ce10ebd6206a61da94da245a705a6358dbf0dc2e"
"toml","customize","bmm","bmm/ship/bmad-correct-course/customize.toml","9990c3d4a1aa90a207f7e3380a7a48a5c9c005702194f63c6a959a4b1a18586f"
"toml","customize","bmm","bmm/ship/bmad-qa-generate-e2e-tests/customize.toml","4fbbd9d96e5af24ae012d33e59582b88867e8203dcd5a29f0d46b42ef6d747b8"
"toml","customize","bmm","bmm/ship/bmad-retrospective/customize.toml","33ce7da5bad6dfe1791218d8d607b749f9b58586b232df7ea0d3263ec50ec466"
"toml","customize","bmm","bmm/ship/bmad-walkthrough/customize.toml","2a4b14c5b25729a2d8fa9d9762ab3f12ac9429cfc6bd31fd80a81d86eed98630"
"yaml","config","bmm","bmm/config.yaml","9d8953666465d6a77429b6153fe81b5958fd57326658048e8b97975d21939244"
"yaml","sprint-status-template","bmm","bmm/plan/bmad-sprint-planning/sprint-status-template.yaml","64b1a937e1fe03b8b8d158e3b1caeb89e7d51692a56c16038e2af091decc553a"
"yaml","sprint-status-template","bmm","bmm/ship/bmad-retrospective/scripts/tests/fixtures/sprint-status-template.yaml","64b1a937e1fe03b8b8d158e3b1caeb89e7d51692a56c16038e2af091decc553a"
"toml","config","config.toml","config.toml","644ea334fff380ca494f165da233b7198b6e9ce4a71af560fba932289b0a0a7c"
"toml","config.user","config.user.toml","config.user.toml","e4d07ffb7fc7005e093dab1e005640e09336a5f1a9903aa9b2aaabee2b19dbe6"
"csv","brain-methods","core","core/bmad-brainstorming/assets/brain-methods.csv","fff112eabca1a9cb8b190f8314bc47678becc5782a2372e11c83daa0e33b6dfd"
"csv","methods","core","core/bmad-advanced-elicitation/assets/methods.csv","d110ff5f076fb9421552b83692fde2c2d367734049169c7a55f7267a3dc7ef89"
"csv","module-help","core","core/module-help.csv","38846d71f87159345d6a6256a170c142fb3f53d9cf9c258c9ee6f26bd88a86c7"
"html","brain-selector","core","core/bmad-brainstorming/assets/brain-selector.html","c110919a3366bd96061f050f98503e3586185e3d1df5ff8b62a5a046c571a436"
"json","brain-icons","core","core/bmad-brainstorming/assets/brain-icons.json","a101c56e89f1d0f9e4131dfdfc19e10c746e3a61c3f92537d04a6f4897b7d331"
"md","academic-lit","core","core/bmad-deep-recon/types/academic-lit.md","514b0b7b1184cb95363dedeb0c2298a9bf5c430c74146fe2114f31780fadb325"
"md","competitive","core","core/bmad-deep-recon/types/competitive.md","39b53df87d295fdc4388719fcdf31ad2221e64afc136e669207f46d2727a3aec"
"md","converge","core","core/bmad-brainstorming/references/converge.md","1528c32ddc64f8061fec663306f7208d2fd4d4a90e660552b8138bda7e452dc0"
"md","create-party","core","core/bmad-party-mode/references/create-party.md","fb516cf4e66b2c94519b9bb80cf7bd966fee285549c773b402400bff664a2aab"
"md","domain","core","core/bmad-deep-recon/types/domain.md","3a34b2e62c3589f8c8d01158357ee9fba32648c9fdfe70035bb3ca971862896b"
"md","draft","core","core/bmad-deep-recon/references/draft.md","ac19b33a00ca529c3281df6076f87a833a3b11fc30915ca2c6e7590f7986b90e"
"md","editorial-common","core","core/bmad-review/references/editorial-common.md","f0cdc72ea345b2c5dc3001477b3dfcc909ca11b78f7db8865b6763d18ffc66c8"
"md","finalize","core","core/bmad-brainstorming/references/finalize.md","b6074e7fb4d86ffcf899abc50b9049b4a1f6fe550917f4be7a1c7a888477e07e"
"md","finalize","core","core/bmad-deep-recon/references/finalize.md","d2ba4bee615dfbca6e7725179fb5ebd856dd34a54ba3f306e25255dfd7b1d126"
"md","headless","core","core/bmad-brainstorming/references/headless.md","b8ea5951199cff7e4813e06aef35683ca0658230fa015e358cacc466b1138a42"
"md","html-briefing","core","core/bmad-deep-recon/references/html-briefing.md","cd3a88c1a5505fa7f1b715afc3adb34f3d64ade66f4c6b49a59f7e8cfcbe38d4"
"md","in-chat-techniques","core","core/bmad-brainstorming/references/in-chat-techniques.md","18239464e3e4f00ea9063d015d26d6b0a696b72e7e3c5be92352da6db9a3f244"
"md","lens-adversarial","core","core/bmad-review/references/lens-adversarial.md","7c5ce97ab2f3ecb96ceb6aa76417f68c1b7df535edd3cc51666d8e1216e6e557"
"md","lens-edge-case-hunter","core","core/bmad-review/references/lens-edge-case-hunter.md","5f0c4778d7b393d11156af8c1bd9bf88aafeb9d50fff5f460ca67df50d927e7d"
"md","lens-prose","core","core/bmad-review/references/lens-prose.md","4cbcb1eaea8567d272f5db7c6cdfd74ed5a8aae6831053cb2f01cbfc2cb98b98"
"md","lens-structure","core","core/bmad-review/references/lens-structure.md","98c08221f517133e57ef6325013935360c3365ebd7dcb8411b2050d7df507ee3"
"md","lens-verification-gap","core","core/bmad-review/references/lens-verification-gap.md","e7123d81171eeeee1b3782d13d94c2988969fe357dd71949131a5eb97803e2c6"
"md","lifecycle","core","core/bmad-deep-recon/references/lifecycle.md","2315fd9cb9223504639616b861ad593bfecb53d605efbd598ae2cf94fb6c4cdf"
"md","market","core","core/bmad-deep-recon/types/market.md","81ac04499da441857672e29fcd7169436a7e239e67194288ac0d526ec514cb5e"
"md","mode-agent-team","core","core/bmad-party-mode/references/mode-agent-team.md","def759a17f4bb45463b68fb74c2b828b0a4241720b2b6cc1c9c611a1016ae9d7"
"md","mode-auto","core","core/bmad-party-mode/references/mode-auto.md","a37fd24f76dfcde385890d5c5947bb6f40ca44bea86c805d267b6ae3aab39f70"
"md","mode-autonomous","core","core/bmad-brainstorming/references/mode-autonomous.md","d815d2c7f0f8cc0cdfa7c619eaf61f59fd78142f13c69365eda257da38b97bdf"
"md","mode-facilitator","core","core/bmad-brainstorming/references/mode-facilitator.md","1b908498d285d190859aed00c3ba5b399d7f6aa8e94d54e95456d15cd6fe6073"
"md","mode-partner","core","core/bmad-brainstorming/references/mode-partner.md","caa0ed378c116def4de382f4e5a95173c6ae6cc5464f1792e7d8196360f79c8a"
"md","mode-subagent","core","core/bmad-party-mode/references/mode-subagent.md","86161b24a0b13b8f9cb9309042e4249d8caefff8cc33728b084cd2ec22f9d2e1"
"md","party-memory","core","core/bmad-party-mode/references/party-memory.md","800b4b4b920bb881a7b32aaabca8559a98273799b2476d83a23e290e301fb315"
"md","process","core","core/bmad-deep-recon/references/process.md","9017d04774807a29103ea97331e555e2793f90098af65752b72f3ee09df85906"
"md","README","core","core/v6-shims/README.md","017900bb03baeddc0262041a6aa85bce744e8c45991dcde32ef042f9bc2a32b2"
"md","research.template","core","core/bmad-deep-recon/assets/research.template.md","87d7cfa85fa5036b5a309b7bfb88f7934f50bb81f3cff02d2b49b4c7345cfc38"
"md","resume","core","core/bmad-brainstorming/references/resume.md","0f79535d72eefe6c55bd5ae47fe4753de8d27235cf129f10b2c596a124c26526"
"md","run","core","core/bmad-deep-recon/references/run.md","8e259dc88820ac989c79620af5c37e24f00df21ac4af308ce3563c0e66c9406c"
"md","selection","core","core/bmad-deep-recon/references/selection.md","2b488c08f9550afe7fda32c2dc5d4591927afd7b9ad507fcce0ae8593c4b9d31"
"md","SKILL","core","core/bmad-advanced-elicitation/SKILL.md","d38cb53f1c7c77f13664c340026a1a4932ae1ca5a24471eebaeb172b88c7942f"
"md","SKILL","core","core/bmad-brainstorming/SKILL.md","2657a2088329651fd06f030e61997fc9f21986588d65ce96f14043af14d8534e"
"md","SKILL","core","core/bmad-customize/SKILL.md","ef42ffe69d1758ee12f22d6c143262926f715dd13fecb874c8a5971916d41598"
"md","SKILL","core","core/bmad-deep-recon/SKILL.md","e6de27d7c037e2951c5684d976186f6772cc724279af4b3cac05e21c42156db5"
"md","SKILL","core","core/bmad-forge-idea/SKILL.md","e44d0008db0c0b30f3fa533e987efe66b2c852530b70fed03f0d4d9cbabe2b4b"
"md","SKILL","core","core/bmad-help/SKILL.md","72573fbbd205cab6119015b7a20951055c7f1f583162674ebed7a68368dc889c"
"md","SKILL","core","core/bmad-party-mode/SKILL.md","7bf82a11627595762244c969cdcc836869c935c5aa99a7c5ec5657581c1f4dd0"
"md","SKILL","core","core/bmad-review/SKILL.md","c571dd7d3aa75f3b40749cf9db352c5e76244de22139cfb13c26629d28be1fa7"
"md","structure-models","core","core/bmad-review/references/structure-models.md","f84f85070e1af75f2482757aba9d37d69d805a20826d185527e598f2ba6b9292"
"md","synthesis","core","core/bmad-deep-recon/references/synthesis.md","4d9ef1247ab45241f919010e94c99699abc0a6e18b5bd68fa93ae54afe59d172"
"md","technical","core","core/bmad-deep-recon/types/technical.md","55f71428c70547b89d67ef0c6cdad59caeb0ee21082cd1230c05618ba8d04707"
"md","user-voice","core","core/bmad-deep-recon/types/user-voice.md","1831ce46e53e8c68244d28e336c5ef9e53e64f21a00b74a817b9b2924c1e8e72"
"md","verification","core","core/bmad-deep-recon/references/verification.md","0393ded4828fec69a4819d7236827910d641d09c3b61144c0211a9a78776fdd2"
"py","brain","core","core/bmad-brainstorming/scripts/brain.py","f81b28fe590f607b95c7218a7cdd6fb6eb91d3a76b9671acf54bcaf36fd4e6ca"
"py","list_customizable_skills","core","core/bmad-customize/scripts/list_customizable_skills.py","8787f542930b927789e7fdf12bc5a67ff08e19865903a5ad05ff2cc8fc426b66"
"py","pick_methods","core","core/bmad-advanced-elicitation/scripts/pick_methods.py","60020ec4767894ea3d8707c4b61e78b679d434315be1dd29154bf64d88126fff"
"py","recon_kit","core","core/bmad-deep-recon/scripts/recon_kit.py","8cb5187b5114b779532907383a013d40fdea1022bb9bed9a23bd8d0fdfa79e8c"
"py","resolve_party","core","core/bmad-party-mode/scripts/resolve_party.py","349d911a194d844e6d885ba8afd9296d7dba6dc87b4071534b31da17ae8ab796"
"py","resolve_personas","core","core/bmad-forge-idea/scripts/resolve_personas.py","9273c71595d6317e0a1035b1a632a47a8943379797d0a4db0d2842e5787c31cc"
"py","test_brain","core","core/bmad-brainstorming/scripts/tests/test_brain.py","b219da8e5e3ccd4ebae95fb02bc5683d6b62593d71db75a712adc7a1b9017bc3"
"py","test_list_customizable_skills","core","core/bmad-customize/scripts/tests/test_list_customizable_skills.py","24c3d384b3b5d490b7335c17866bfe0425af253ce669c32382fa88feb705934d"
"py","test_pick_methods","core","core/bmad-advanced-elicitation/scripts/tests/test_pick_methods.py","610099d8494529f9203d7262567810b500552bcef006b3b6388d58da3da71978"
"py","test_recon_kit","core","core/bmad-deep-recon/scripts/tests/test_recon_kit.py","1b4ddf482dd2d11a214ee2f821c35d7a8c41905b5d8d9cc69a293304bb8a1665"
"py","test_resolve_party","core","core/bmad-party-mode/scripts/tests/test_resolve_party.py","9cc25d2bff884f08517abfbebb7054d43804dc48e650c5c5f7c0618ce231413f"
"py","test_resolve_personas","core","core/bmad-forge-idea/scripts/tests/test_resolve_personas.py","f8d040801d53e48c1aec147d1e28c5b279e459f49ea1fd1673dbd7e340022a99"
"py","test_word_metrics","core","core/bmad-review/scripts/tests/test_word_metrics.py","3b5a285d3c9f611b3cda8c9c1d52d6b214c1f72e6e64a94ea5b0e220db5a8765"
"py","word_metrics","core","core/bmad-review/scripts/word_metrics.py","fb45007a7f3cfc18d13ee8bd4787facdaae297570193bc769456297dd33da78b"
"toml","customize","core","core/bmad-advanced-elicitation/customize.toml","735a276edd51786ccfd2c3417d9a2b9dee4244a6102698981b3888f68d979ed9"
"toml","customize","core","core/bmad-brainstorming/customize.toml","313c3b348473cd40ba02ceae4b299c617300af78debb2f5585c8d3941cc2d8d3"
"toml","customize","core","core/bmad-deep-recon/customize.toml","24d1383066034fd4fcf282279aaf0d29d21910fd1247dfe3dbad74a70e78814d"
"toml","customize","core","core/bmad-forge-idea/customize.toml","839f57b89c8b04038fa795525f55799ee5c23431b17d429fe668880e78399ef2"
"toml","customize","core","core/bmad-party-mode/customize.toml","332aca1a85a681ff38a78850deb552e954d6a7d0b32f8d22caf9b2b2324b4e24"
"toml","customize","core","core/bmad-review/customize.toml","005dde84f09c0b1ab0ef0ee87f1ed1985922c893089cc3595157611fb83b3ebd"
"yaml","config","core","core/config.yaml","a8df44d71f033430851f36a0846320ba4c1150b72ef2aabb1e5f0197edf21a41"
"csv","module-help","l3io-arch","l3io-arch/l3io-arch-review/assets/module-help.csv","ea4145bbb8abc15b03e8d85472eb1b70a637f4db6531b7a9ff76e0bd6bed6d39"
"csv","module-help","l3io-arch","l3io-arch/module-help.csv","ea4145bbb8abc15b03e8d85472eb1b70a637f4db6531b7a9ff76e0bd6bed6d39"
"json","payload-manifest","l3io-arch","l3io-arch/l3io-arch-review/payload-manifest.json","bbb97c5a3e303269f4b1d21f49104787d0092e80df21243859ea375a80aeb962"
"md","adr-template","l3io-arch","l3io-arch/l3io-arch-review/assets/adr-template.md","dfa9baf138b236303512aead42377e880fbdd00641b7cda1d974b47e785103cc"
"md","config-resolution","l3io-arch","l3io-arch/l3io-arch-review/references/config-resolution.md","c170d0c5275d636db58e550bfe346f669f09561b77d3d5e997edd1b96589ef81"
"md","customize-architect","l3io-arch","l3io-arch/l3io-arch-review/assets/customize-architect.md","a69eb8a7252b519478415844c4c85f675e0f45a33c469c26fe15ee728bac8a82"
"md","module-setup","l3io-arch","l3io-arch/l3io-arch-review/assets/module-setup.md","c4ffc5f603867c37c28446600f4a0ff62d30f92a121aac595523b9da75c3cc9a"
"md","review-report","l3io-arch","l3io-arch/l3io-arch-review/references/review-report.md","1d66983684e5104811ed3a75acf349498da8b43847a70161c4147ce7b4e1bc27"
"md","SKILL","l3io-arch","l3io-arch/l3io-arch-review/SKILL.md","6ae03b922d70549c7a711f73a5efc692def27c80cee9f9f869aa26fb0c594d1f"
"md","standards-core","l3io-arch","l3io-arch/l3io-arch-review/references/standards-core.md","89a51a4a3076413fc2ea663c89c297a6abee1e78b9d71c753c03807e932a18e1"
"md","standards-docker","l3io-arch","l3io-arch/l3io-arch-review/references/standards-docker.md","0a1972fe0ba16c5a6b9d77b01174e128edfe0f1a12a34f53ca7388fb27a85bae"
"md","standards-dotnet","l3io-arch","l3io-arch/l3io-arch-review/references/standards-dotnet.md","13b1e8f9e4616f2736c7700d71f9172bfcdc6a87e69b851cf0d96ab9e23971e4"
"md","standards-github-actions","l3io-arch","l3io-arch/l3io-arch-review/references/standards-github-actions.md","8bb34bbbd24a274fb45d50ed94f2efaac41d2c9344c9c13bc62ad6ecf6b57467"
"md","standards-nodejs","l3io-arch","l3io-arch/l3io-arch-review/references/standards-nodejs.md","79ad1b76ecda53f1475eb02b115a5bae037744cc3c51223203666fd70de7b94d"
"md","standards-powershell","l3io-arch","l3io-arch/l3io-arch-review/references/standards-powershell.md","bc70d154cb231a43f7ff14d6b61f1bc7283a66134217dbc03371f4cb277f542b"
"md","standards-python","l3io-arch","l3io-arch/l3io-arch-review/references/standards-python.md","b6c0c020d18fde60f5fac87202b29d9cb10fe6e6db47e87898a66c94a29b4261"
"md","standards-shell","l3io-arch","l3io-arch/l3io-arch-review/references/standards-shell.md","4e13744a81e2f097fadf30d739208c0680f9b761a35d71a9d4d6ed32dfd4b9f3"
"py","merge-config","l3io-arch","l3io-arch/l3io-arch-review/scripts/merge-config.py","22f51eed631c64134d352c236917e0a98ec5b5fe5d0810394f4615905c6ef7dc"
"py","merge-help-csv","l3io-arch","l3io-arch/l3io-arch-review/scripts/merge-help-csv.py","44cae89d74a247395cc851970e28b65605e958efa04b632209f9bd5ecbc70d69"
"py","write-module-config","l3io-arch","l3io-arch/l3io-arch-review/scripts/write-module-config.py","fdc0e81cda51221599907b9023a096b0570e096b7d921fb0c1db2050afa7a80f"
"toml","customize","l3io-arch","l3io-arch/l3io-arch-review/customize.toml","74d4c0bdccfd9a2c1fcece3bbb5e801ca6be7ee97a01df2419578825fd97e17c"
"yaml","config","l3io-arch","l3io-arch/config.yaml","7dec334cdf3e0f210de142c76be62433f5c9928fafb4961a95d18aeedc74e831"
"yaml","module","l3io-arch","l3io-arch/l3io-arch-review/assets/module.yaml","cc0780c4234d86d95faa4e55e8d7a24b1c56667fa0c024b78b93348c2585df62"
"csv","module-help","l3io-pm","l3io-pm/l3io-setup/assets/module-help.csv","5d3f0401d662e531f1ea368065e34fe2f8b1823d80e6500c01f12cd24e4be290"
"csv","module-help","l3io-pm","l3io-pm/module-help.csv","5d3f0401d662e531f1ea368065e34fe2f8b1823d80e6500c01f12cd24e4be290"
"json","payload-manifest","l3io-pm","l3io-pm/l3io-execute/payload-manifest.json","e5f9a5cdbc1e73b218c5d5ac98efec5a038a95e0bfb136d260fc4743542919ee"
"json","payload-manifest","l3io-pm","l3io-pm/l3io-plan/payload-manifest.json","1901605ab2d7823975fe4ca5d63117caa9467589420c8589adb2ebe4218cc661"
"json","payload-manifest","l3io-pm","l3io-pm/l3io-help/payload-manifest.json","084c8e7f65a7daeec1406339a5f16f5d077c97248b38b165999ae24aafe7703d"
"json","payload-manifest","l3io-pm","l3io-pm/l3io-sync/payload-manifest.json","46f4608ba3c2e62b955599da8ffc0cbb31933111999f01087e679d9164467e0e"
"json","payload-manifest","l3io-pm","l3io-pm/l3io-setup/payload-manifest.json","dc07d19c9d84dfd8357731625a4cd0136d3763a005f3bee2bbe5b957225f250a"
"md","ac-dimensions","l3io-pm","l3io-pm/l3io-execute/references/ac-dimensions.md","89d2579b8cb9a445617d0b1b4fe4d9f6a54ac1940f9d149030785f36149d3c09"
"md","ac-dimensions","l3io-pm","l3io-pm/l3io-plan/references/ac-dimensions.md","89d2579b8cb9a445617d0b1b4fe4d9f6a54ac1940f9d149030785f36149d3c09"
"md","calibration-model","l3io-pm","l3io-pm/l3io-execute/references/calibration-model.md","e3fc8d9fc41285bca19257f0ac796856e025e9992ce6401a5c41437f55830f27"
"md","calibration-model","l3io-pm","l3io-pm/l3io-plan/references/calibration-model.md","e3fc8d9fc41285bca19257f0ac796856e025e9992ce6401a5c41437f55830f27"
"md","calibration-model","l3io-pm","l3io-pm/l3io-sync/references/calibration-model.md","e3fc8d9fc41285bca19257f0ac796856e025e9992ce6401a5c41437f55830f27"
"md","config-resolution","l3io-pm","l3io-pm/l3io-execute/references/config-resolution.md","c170d0c5275d636db58e550bfe346f669f09561b77d3d5e997edd1b96589ef81"
"md","config-resolution","l3io-pm","l3io-pm/l3io-plan/references/config-resolution.md","c170d0c5275d636db58e550bfe346f669f09561b77d3d5e997edd1b96589ef81"
"md","config-resolution","l3io-pm","l3io-pm/l3io-help/references/config-resolution.md","c170d0c5275d636db58e550bfe346f669f09561b77d3d5e997edd1b96589ef81"
"md","config-resolution","l3io-pm","l3io-pm/l3io-sync/references/config-resolution.md","c170d0c5275d636db58e550bfe346f669f09561b77d3d5e997edd1b96589ef81"
"md","config-resolution","l3io-pm","l3io-pm/l3io-setup/references/config-resolution.md","c170d0c5275d636db58e550bfe346f669f09561b77d3d5e997edd1b96589ef81"
"md","epic-closure","l3io-pm","l3io-pm/l3io-execute/steps/closure/epic-closure.md","884ce16ea9acb657c1edc9b01228ade1ad4d4b26f2c6666218e6ac1285727ccf"
"md","metrics-contract","l3io-pm","l3io-pm/l3io-execute/references/metrics-contract.md","fd31b35d4ed5f31037fed0b58038d2d59262bd820274b9088f654b8bd90abb31"
"md","metrics-contract","l3io-pm","l3io-pm/l3io-plan/references/metrics-contract.md","fd31b35d4ed5f31037fed0b58038d2d59262bd820274b9088f654b8bd90abb31"
"md","metrics-contract","l3io-pm","l3io-pm/l3io-sync/references/metrics-contract.md","fd31b35d4ed5f31037fed0b58038d2d59262bd820274b9088f654b8bd90abb31"
"md","mode-catalog","l3io-pm","l3io-pm/l3io-help/steps/mode-catalog.md","3d56d2c21232c47e7a393fdda24692c8bd469d74df656ef1da3b6e98ee2fa971"
"md","mode-list-plan","l3io-pm","l3io-pm/l3io-help/steps/mode-list-plan.md","c9dd477c002cd59679f577b00f95bf4d7f2851f8791d98a1053498aca4999086"
"md","mode-progress","l3io-pm","l3io-pm/l3io-help/steps/mode-progress.md","0aa153de147aa04ae52e37d4c9d2007b0b6562680813f3fb0738b08fae52f142"
"md","module-setup","l3io-pm","l3io-pm/l3io-setup/assets/module-setup.md","c4ffc5f603867c37c28446600f4a0ff62d30f92a121aac595523b9da75c3cc9a"
"md","SKILL","l3io-pm","l3io-pm/l3io-execute/SKILL.md","cf1ef7adec406fbbb05816fcc4c4c600140ef1becf6772ce6ad31e074c2beb66"
"md","SKILL","l3io-pm","l3io-pm/l3io-plan/SKILL.md","10fec0457ee7b8dd60e9c0ae68517d36eb24344e3a8a3bb69f2a83f6f92ab3ba"
"md","SKILL","l3io-pm","l3io-pm/l3io-help/SKILL.md","2f124e4ae2c484cad1e3162340d1736d347a355971c6cf437d96c176529321e9"
"md","SKILL","l3io-pm","l3io-pm/l3io-sync/SKILL.md","65eb06fa8e0a9d26a35e140668060e158087e896f622266a82b198db2ca899cf"
"md","SKILL","l3io-pm","l3io-pm/l3io-setup/SKILL.md","0ab32e2df5418540ea5074110fde1965fc0c5b04fb0814175b7a30e3f406c84e"
"md","SKILL","l3io-pm","l3io-pm/l3io-pm-execute/SKILL.md","7740167c13ba881811a3f52e64e7eb0ddec00af7912166d6dadcef60c0cb786d"
"md","SKILL","l3io-pm","l3io-pm/l3io-pm-plan/SKILL.md","2cb6ee1ac9e4a489e51d478ab6b9546df6e4dd248df1819fd92a602c8d567fac"
"md","SKILL","l3io-pm","l3io-pm/l3io-pm-help/SKILL.md","74bd4902c91ecdd26445e9c8b70526a7e719342443fbd1dba8f64e8be1f21acb"
"md","SKILL","l3io-pm","l3io-pm/l3io-pm-sync/SKILL.md","9f762f4b6b8a84b77fd9198fdc6b099bfd754616c4fc5d5d671ea2a2922ea845"
"md","sprint-closure","l3io-pm","l3io-pm/l3io-execute/steps/closure/sprint-closure.md","1ae1dd2721b27ba39837a6f22616540eba2a2a5a19eff893bcbc86d0e8e49f60"
"md","status-files","l3io-pm","l3io-pm/l3io-execute/references/status-files.md","fc4f3635980bfdda770d47605969e1af32ebe6c953b608bf823d164c19c6bf8c"
"md","status-files","l3io-pm","l3io-pm/l3io-plan/references/status-files.md","fc4f3635980bfdda770d47605969e1af32ebe6c953b608bf823d164c19c6bf8c"
"md","status-files","l3io-pm","l3io-pm/l3io-sync/references/status-files.md","fc4f3635980bfdda770d47605969e1af32ebe6c953b608bf823d164c19c6bf8c"
"md","step-00-activate","l3io-pm","l3io-pm/l3io-execute/steps/shared/step-00-activate.md","cd5a7fa8e7c8af5bb654bc5039f9b7c95283d7aebbd762f61c4466ed7d68c237"
"md","step-00-activate","l3io-pm","l3io-pm/l3io-plan/steps/shared/step-00-activate.md","cd5a7fa8e7c8af5bb654bc5039f9b7c95283d7aebbd762f61c4466ed7d68c237"
"md","step-00-activate","l3io-pm","l3io-pm/l3io-sync/steps/shared/step-00-activate.md","cd5a7fa8e7c8af5bb654bc5039f9b7c95283d7aebbd762f61c4466ed7d68c237"
"md","step-00-digest","l3io-pm","l3io-pm/l3io-execute/steps/shared/step-00-digest.md","27af27894b622e1da2ffade4cd6d292d207bf4d114ef0f1bb5706be86ee0146d"
"md","step-00-digest","l3io-pm","l3io-pm/l3io-plan/steps/shared/step-00-digest.md","27af27894b622e1da2ffade4cd6d292d207bf4d114ef0f1bb5706be86ee0146d"
"md","step-00-digest","l3io-pm","l3io-pm/l3io-sync/steps/shared/step-00-digest.md","27af27894b622e1da2ffade4cd6d292d207bf4d114ef0f1bb5706be86ee0146d"
"md","step-01-classify-work","l3io-pm","l3io-pm/l3io-execute/steps/shared/step-01-classify-work.md","53b6c3df3744f01fc4f7bc38fbf56e27f54ec13ba1cc67fbf5334d26bfb9a12c"
"md","step-01-classify-work","l3io-pm","l3io-pm/l3io-plan/steps/shared/step-01-classify-work.md","53b6c3df3744f01fc4f7bc38fbf56e27f54ec13ba1cc67fbf5334d26bfb9a12c"
"md","step-01-classify-work","l3io-pm","l3io-pm/l3io-sync/steps/shared/step-01-classify-work.md","53b6c3df3744f01fc4f7bc38fbf56e27f54ec13ba1cc67fbf5334d26bfb9a12c"
"md","step-01-config","l3io-pm","l3io-pm/l3io-help/steps/step-01-config.md","146c699e4d66bbbccc7cff17511b910a99d7666426ed2fbaf4b0a281c1089427"
"md","step-02-detect-layout","l3io-pm","l3io-pm/l3io-help/steps/step-02-detect-layout.md","4061610ecd6b0355d057bbfe77ffc7cb8f44f67f0075b2d15d65550301703397"
"md","step-02-detect-platform","l3io-pm","l3io-pm/l3io-sync/steps/sync/step-02-detect-platform.md","d50890bb28f9df3c5e9197e840b19818e19d0204e4b0be02d17ffae6bbc1344e"
"md","step-02-readiness-check","l3io-pm","l3io-pm/l3io-plan/steps/plan/step-02-readiness-check.md","4b02625e9e609a2cc2dda9eff04121113fc0c441297b636de54e1a5471e6e550"
"md","step-02-scope-resolve","l3io-pm","l3io-pm/l3io-execute/steps/execute/step-02-scope-resolve.md","eb99e43dab52d59fcab09978e9697e184f86a0869aff43c2d693703d0c273436"
"md","step-02-story-prep","l3io-pm","l3io-pm/l3io-execute/steps/sprint/step-02-story-prep.md","4a8548b5df231442ae053aef13fc81783de1d811077913f3ef8c964bfd606bfa"
"md","step-03-dev-loop","l3io-pm","l3io-pm/l3io-execute/steps/sprint/step-03-dev-loop.md","ac77ab9fab66fb4051a6a2a0cb157f7ac5fbe430c223daf86f49907596443616"
"md","step-03-load-plan","l3io-pm","l3io-pm/l3io-execute/steps/execute/step-03-load-plan.md","e9de268161da78b9ad25ea47356f29dc296c919bfa994fdd0eb07100b5cbafc9"
"md","step-03-operations","l3io-pm","l3io-pm/l3io-sync/steps/sync/step-03-operations.md","454bf2155f2d2c35d28b625a31cb629913f119522507117eba5b86e47daafcbd"
"md","step-03-read-state","l3io-pm","l3io-pm/l3io-help/steps/step-03-read-state.md","57fe5966c2d78ca1655a9257a91657f35cb4ce73236009b8a07f49c55037d1f4"
"md","step-03-story-elaboration","l3io-pm","l3io-pm/l3io-plan/steps/plan/step-03-story-elaboration.md","db5e2b9f12e0b02539de51e21a14c4e17046a5cb73fb943a0aa63fdedfa40101"
"md","step-04-arch-gate","l3io-pm","l3io-pm/l3io-execute/steps/execute/step-04-arch-gate.md","986973e7582b8794a8c4f8fb73836f28d188875ef22c779839043d62f9703d16"
"md","step-04-health-snapshot","l3io-pm","l3io-pm/l3io-help/steps/step-04-health-snapshot.md","8a8a6fcaddccd3c2c59bb5711868c19dbd42c3d241798d5346362e200046f507"
"md","step-04-load-state","l3io-pm","l3io-pm/l3io-plan/steps/plan/step-04-load-state.md","82458b69ba91e38d4b5df46df12d9c8582621dba2fa6320850ce72ad5eb66004"
"md","step-04-resolve","l3io-pm","l3io-pm/l3io-sync/steps/sync/step-04-resolve.md","c979c0bf6303e6e73263fe4371dd40119cd5e5f17d7273c780b8773e1c95c71d"
"md","step-04-sprint-closure","l3io-pm","l3io-pm/l3io-execute/steps/sprint/step-04-sprint-closure.md","af23ec45f541793781678ff179553de28c2ba73615d12108ea324fd0262ba678"
"md","step-05-dependency-graph","l3io-pm","l3io-pm/l3io-plan/steps/plan/step-05-dependency-graph.md","431fefabcbd8295a756afd6523596dbfc6b579add43624a2409853b6fb585e26"
"md","step-05-epic-loop","l3io-pm","l3io-pm/l3io-execute/steps/execute/step-05-epic-loop.md","0eccdfe573fe9f660e03df0faedc493588637995f8c6c8fd8ca59bb60032dc85"
"md","step-05-recommend","l3io-pm","l3io-pm/l3io-help/steps/step-05-recommend.md","c86e8a3861642361e69a3954bf886e18f4959c5a59179839baa1dc23fc0282fa"
"md","step-06-epic-closure","l3io-pm","l3io-pm/l3io-execute/steps/execute/step-06-epic-closure.md","8e514243d094aa27c644b2a7a9a3ba0aadfd170b63e853f69746dbae077fc1cd"
"md","step-06-plan-output","l3io-pm","l3io-pm/l3io-plan/steps/plan/step-06-plan-output.md","6a7d12896c9d4f5557119d701d150f30246b3cde52dbbdb00163da2d1c32a19a"
"md","step-backlog-intake","l3io-pm","l3io-pm/l3io-plan/steps/plan/step-backlog-intake.md","cfc46f755ff86b83c51912038588e4b47bf9cf408d3c32253dd82d816f345080"
"md","step-estimate","l3io-pm","l3io-pm/l3io-execute/steps/shared/step-estimate.md","dc361f48af47290aace3c10e9aa42cfd4201941cd976ea200f4ec7c25a8ea94a"
"md","step-estimate","l3io-pm","l3io-pm/l3io-plan/steps/shared/step-estimate.md","dc361f48af47290aace3c10e9aa42cfd4201941cd976ea200f4ec7c25a8ea94a"
"md","step-estimate","l3io-pm","l3io-pm/l3io-sync/steps/shared/step-estimate.md","dc361f48af47290aace3c10e9aa42cfd4201941cd976ea200f4ec7c25a8ea94a"
"py","detect-platform","l3io-pm","l3io-pm/l3io-sync/scripts/detect-platform.py","8a1a8d23d792a01ef24ec9b52b4de28bfbad651cfa119aab82d662bd4dab3635"
"py","drift-report","l3io-pm","l3io-pm/l3io-sync/scripts/drift-report.py","8c1b7708472d1cd95827221836489333925c2821fc60faabe609c4b9d4d47ff7"
"py","merge-config","l3io-pm","l3io-pm/l3io-setup/scripts/merge-config.py","22f51eed631c64134d352c236917e0a98ec5b5fe5d0810394f4615905c6ef7dc"
"py","merge-help-csv","l3io-pm","l3io-pm/l3io-setup/scripts/merge-help-csv.py","44cae89d74a247395cc851970e28b65605e958efa04b632209f9bd5ecbc70d69"
"py","pm-status","l3io-pm","l3io-pm/l3io-setup/scripts/pm-status.py","6fbaf4d501cc423c41637d5b27a4c633d3455127b4c930d4e0624c7725cc74f7"
"py","spec-align","l3io-pm","l3io-pm/l3io-execute/scripts/spec-align.py","ff4a441bf08fb0819be75d96de0462ef2f46737cc1f808c5e84ed0f748fd5ab4"
"py","sync-state","l3io-pm","l3io-pm/l3io-sync/scripts/sync-state.py","f7431a9e858d63b8c07f9c6134afa1f31d7408eb59394cee7d9c1126e622ba54"
"py","write-module-config","l3io-pm","l3io-pm/l3io-setup/scripts/write-module-config.py","fdc0e81cda51221599907b9023a096b0570e096b7d921fb0c1db2050afa7a80f"
"toml","customize","l3io-pm","l3io-pm/l3io-execute/customize.toml","01335a9c30204cdbc6d552f7556fa487010f8504b74928411d3be00047b11ae0"
"toml","customize","l3io-pm","l3io-pm/l3io-plan/customize.toml","fca175b99ad4d5e45ea3b699486d0895ccab16179b84c9d044d1cf5325ea11b4"
"toml","customize","l3io-pm","l3io-pm/l3io-help/customize.toml","8f69c02ad4c487c73c5ecec9d9bfd469cc9638c26e79cb3baf2d3a72dc96650e"
"toml","customize","l3io-pm","l3io-pm/l3io-sync/customize.toml","d6d62042e149d9e030cde85f41c78532b3e0261a2461252e41bd0957a2e136da"
"toml","customize","l3io-pm","l3io-pm/l3io-setup/customize.toml","b8ec30cc768d25a2264dabadbf8147eda86f6b4a2e55257ed7087efd855dc9cc"
"toml","customize","l3io-pm","l3io-pm/l3io-pm-execute/customize.toml","41c73b2b641390a6495d48da43adc8b8e5c160d762de9004a4f3be0e04d50aa8"
"toml","customize","l3io-pm","l3io-pm/l3io-pm-plan/customize.toml","1dc582ee4466616c9cf77418fb1375d1ce38390b8262b86d2811725e091342cb"
"toml","customize","l3io-pm","l3io-pm/l3io-pm-help/customize.toml","82258e0b7440c8e3e9338beb95a6535edc5785a3a1c9cd50a7b5ce185d45dd46"
"toml","customize","l3io-pm","l3io-pm/l3io-pm-sync/customize.toml","14fa5bf8d472b1f3c2cab29d777733890460f83e6e7b3ed40df553cec903722b"
"yaml","config","l3io-pm","l3io-pm/config.yaml","f6869e7f6819ee7394eded59730e1c6998ece79a8321e99eee8b2ef1c9e765d8"
"yaml","module","l3io-pm","l3io-pm/l3io-setup/assets/module.yaml","5061bf55f529453c48e5ec4e2b3a3fc3c5bb1f4a8892e5b081a16b90797d0b47"
"yaml","sync-config-template","l3io-pm","l3io-pm/l3io-sync/assets/sync-config-template.yaml","8174ba46714b4597f5541a5dda1d680f0f718058533d999253d6f8fbeb0f4cdc"
"csv","module-help","l3io-sec","l3io-sec/l3io-sec-redteam/assets/module-help.csv","7f7bf7b17dbbdd843b5bb7d75bd0083731b5b05046b3e5c75fd3139c6145715f"
"csv","module-help","l3io-sec","l3io-sec/module-help.csv","7f7bf7b17dbbdd843b5bb7d75bd0083731b5b05046b3e5c75fd3139c6145715f"
"json","payload-manifest","l3io-sec","l3io-sec/l3io-sec-redteam/payload-manifest.json","bbb97c5a3e303269f4b1d21f49104787d0092e80df21243859ea375a80aeb962"
"md","BOND-template","l3io-sec","l3io-sec/l3io-sec-redteam/assets/BOND-template.md","24657cd8d7462a9177818fe112f7f0dce0dd05cb6020948b812f14b53dfc7fa5"
"md","CAPABILITIES-template","l3io-sec","l3io-sec/l3io-sec-redteam/assets/CAPABILITIES-template.md","4756990ba1b63b2feeb9638342146ab9a4b98c845d7b860078b9761d080d7d53"
"md","config-resolution","l3io-sec","l3io-sec/l3io-sec-redteam/references/config-resolution.md","c170d0c5275d636db58e550bfe346f669f09561b77d3d5e997edd1b96589ef81"
"md","CREED-template","l3io-sec","l3io-sec/l3io-sec-redteam/assets/CREED-template.md","75ab2c56e45bc0f2fccf24ade8f84136777c18b4d6e666a8acb1edc4573c98c2"
"md","findings-report","l3io-sec","l3io-sec/l3io-sec-redteam/references/findings-report.md","1c178ff6298c649606052613185838effab861ebbcd820840529ddd0691a5a37"
"md","first-breath","l3io-sec","l3io-sec/l3io-sec-redteam/references/first-breath.md","b68a98be7127faf95b2eecd4651f009f45581d464c220c67fab03575c10366e5"
"md","INDEX-template","l3io-sec","l3io-sec/l3io-sec-redteam/assets/INDEX-template.md","6832d0b8c08343827ff27600807eae52d6832d5b99ed86508ba0fa26b1ca66c3"
"md","memory-guidance","l3io-sec","l3io-sec/l3io-sec-redteam/references/memory-guidance.md","89adfee818db58556d028c8ad0dbabcdc7c2096d19ebc711453133b1d92fa1cb"
"md","MEMORY-template","l3io-sec","l3io-sec/l3io-sec-redteam/assets/MEMORY-template.md","130a1604d1befe7f09fc37383b43f38651112c12e88dae9fadfe41b8da59c076"
"md","module-setup","l3io-sec","l3io-sec/l3io-sec-redteam/assets/module-setup.md","c4ffc5f603867c37c28446600f4a0ff62d30f92a121aac595523b9da75c3cc9a"
"md","PERSONA-template","l3io-sec","l3io-sec/l3io-sec-redteam/assets/PERSONA-template.md","5ee73cedffa46b5568a74c503b4f21ee50636cf4dca98ba94d50f9dd5118d5d2"
"md","platform-research","l3io-sec","l3io-sec/l3io-sec-redteam/references/platform-research.md","8bb5100e785ddd5443d3f818495238cdc1a178eea1aec690da3dda4e3f101f64"
"md","scope-mapping","l3io-sec","l3io-sec/l3io-sec-redteam/references/scope-mapping.md","a5af725fdb99868308bc94549deb20d994a7ffdf0f650068fc61baf4ada27bfd"
"md","SKILL","l3io-sec","l3io-sec/l3io-sec-redteam/SKILL.md","b1b453783db9d1e9da19a0815968add40b2a868b8db4e75e1f5a39f0c5b628c1"
"md","threat-analysis","l3io-sec","l3io-sec/l3io-sec-redteam/references/threat-analysis.md","45201fe051fe9f21d09e0416e886cf0438025823fae6d52a7c85d60252b52e2b"
"py","init-sanctum","l3io-sec","l3io-sec/l3io-sec-redteam/scripts/init-sanctum.py","59ed2e8fd03db56a1a4ff6cae82c51d9459b9b7039ae96728d2a3486f58459f6"
"py","merge-config","l3io-sec","l3io-sec/l3io-sec-redteam/scripts/merge-config.py","22f51eed631c64134d352c236917e0a98ec5b5fe5d0810394f4615905c6ef7dc"
"py","merge-help-csv","l3io-sec","l3io-sec/l3io-sec-redteam/scripts/merge-help-csv.py","44cae89d74a247395cc851970e28b65605e958efa04b632209f9bd5ecbc70d69"
"py","write-module-config","l3io-sec","l3io-sec/l3io-sec-redteam/scripts/write-module-config.py","fdc0e81cda51221599907b9023a096b0570e096b7d921fb0c1db2050afa7a80f"
"toml","customize","l3io-sec","l3io-sec/l3io-sec-redteam/customize.toml","1d52f68b9b96f3b47f4fc8a3a470a6425a5efba018e0456e64d79d50ac6b854a"
"yaml","config","l3io-sec","l3io-sec/config.yaml","6cfd1bd29ec74cb64d39f9acd46da6d68c08169158905c56915cee8dd806d1b2"
"yaml","module","l3io-sec","l3io-sec/l3io-sec-redteam/assets/module.yaml","2198a3844de1c72edf5602bbd4d45d4419ef2a69ed298fc56b3bc3da0bf924ca"
"csv","module-help","l3io-util","l3io-util/l3io-doctor/assets/module-help.csv","1ed9b3d11b8691a106c1a5706f2f811afbc37dc8d1e046c7c06a6d29d8113a3a"
"csv","module-help","l3io-util","l3io-util/module-help.csv","1ed9b3d11b8691a106c1a5706f2f811afbc37dc8d1e046c7c06a6d29d8113a3a"
"json","bmad-baseline","l3io-util","l3io-util/l3io-doctor/assets/bmad-baseline.json","8df76d6e10c76dc06e9f723703cbc3dadcb0d31fed0e7fbe014620d19f671a7a"
"json","bmad-dependencies","l3io-util","l3io-util/l3io-doctor/assets/bmad-dependencies.json","617810a0e62a1698eef40e703b34a84a3f45d3ecda12ffbcb5f0acf17eaa4ae6"
"json","payload-manifest","l3io-util","l3io-util/l3io-doctor/payload-manifest.json","241a942839625449d3a4eead441b3ad960568f54a445cd173a4b95637039d60c"
"md","bootstrap-state","l3io-util","l3io-util/l3io-doctor/steps/bootstrap-state.md","c4c26415b8c8b78326a64a88d0d4a1c971293067a3fcd535b9d603fac490ac3e"
"md","check-deps","l3io-util","l3io-util/l3io-doctor/steps/check-deps.md","1ec6bcc059ea1ed2ab9731e5249ecedfac07f162e47f1ac78e820112376c099e"
"md","check-pm-status","l3io-util","l3io-util/l3io-doctor/steps/check-pm-status.md","c74596dfe7efd7bc27ad4cc69f7f2722ce12e616715dd61dbb5d22cf8c17c280"
"md","clean-layout","l3io-util","l3io-util/l3io-doctor/steps/clean-layout.md","3c6f4dbf0b730279d867dfa49f0c32e46cac350b278313c6062cad96c99e3b21"
"md","clean-legacy","l3io-util","l3io-util/l3io-doctor/steps/clean-legacy.md","0550fc8bba7e7a2ffd431e0214bf235fce0f0378ff5e3bd1632e997990941c1b"
"md","config-resolution","l3io-util","l3io-util/l3io-doctor/references/config-resolution.md","c170d0c5275d636db58e550bfe346f669f09561b77d3d5e997edd1b96589ef81"
"md","harvest-debt","l3io-util","l3io-util/l3io-doctor/steps/harvest-debt.md","85cbd63f2918dfefd306d31b49196be0169fef3787a1c0a625118977fb43085c"
"md","health-check","l3io-util","l3io-util/l3io-doctor/steps/health-check.md","f8bcdaa74780f4e1a3744c60ac607e325e09117c46687f820cb15ef15c793ece"
"md","help-text","l3io-util","l3io-util/l3io-doctor/assets/help-text.md","7eef474280171cd88e23303ba83604a6364f1588ff7b5a7b85de2348a3705057"
"md","migrate-adrs","l3io-util","l3io-util/l3io-doctor/steps/migrate-adrs.md","db291c28805b6bfd464dfaa9d1125de5ee9380606e9a46123ccd2e5b564d8f70"
"md","migrate-state","l3io-util","l3io-util/l3io-doctor/assets/migrate-state.md","3362d8e8cbd1496e45f317ad2e35b91dfadd03ea0b76edebe9199141df0bce7d"
"md","migrate-state","l3io-util","l3io-util/l3io-doctor/steps/migrate-state.md","f60d920473ee9139fbaf476c251811f83d53ffb97527b791ba80648407f6a737"
"md","module-setup","l3io-util","l3io-util/l3io-doctor/assets/module-setup.md","c4ffc5f603867c37c28446600f4a0ff62d30f92a121aac595523b9da75c3cc9a"
"md","overlay-mode","l3io-util","l3io-util/l3io-doctor/assets/overlays/overlay-mode.md","72f6186ac39eaad18e6f8a2766dc68294e4c6bb79c30b125dccf8f31d0fcb4c9"
"md","README","l3io-util","l3io-util/l3io-doctor/assets/overlays/README.md","025a2edcef96e70fb905c9db914e6d98ab6601737ba7f3eb0b6edf6ff6d9f91d"
"md","reconcile-status","l3io-util","l3io-util/l3io-doctor/steps/reconcile-status.md","859894d3156322a51ecfc25fac384746eb1318f7b07ba1d9b81cab5bfdf22d54"
"md","redrive","l3io-util","l3io-util/l3io-doctor/steps/redrive.md","0a082a4fda3ced99f927698e085c26eb0e5023efd6b25a41f86d7fbed2df0979"
"md","schema-migration","l3io-util","l3io-util/l3io-doctor/steps/schema-migration.md","2a384f592891ad4ae2ba6ae4cf953aa42d068be3db3837cf738c1da11379cd38"
"md","SKILL","l3io-util","l3io-util/l3io-doctor/SKILL.md","5dc3d127814aaadd893653804eb233f4c4f3bc06e433b620c83d4c2da432d00d"
"md","sort-status","l3io-util","l3io-util/l3io-doctor/steps/sort-status.md","c4ffa1cda08c3550279cc515aec5df0506b4ff7721d0bddad235fa77d106bdca"
"md","split-status","l3io-util","l3io-util/l3io-doctor/steps/split-status.md","5e376ae3fe872afb4b42890db15f1e305197d46a6d2ec0ff3d1917de242025df"
"md","stats","l3io-util","l3io-util/l3io-doctor/steps/stats.md","6e1e9d702cb0abaa44e0e70e0bb86860f6ba8a1cd3fbf2e0571325e035ef9e0f"
"md","status-files","l3io-util","l3io-util/l3io-doctor/references/status-files.md","fc4f3635980bfdda770d47605969e1af32ebe6c953b608bf823d164c19c6bf8c"
"md","triage","l3io-util","l3io-util/l3io-doctor/steps/triage.md","b277278b18455226cbab26267d51e64e475ad251b166cfbd9c47b80c3d224836"
"md","update-ai-rules","l3io-util","l3io-util/l3io-doctor/steps/update-ai-rules.md","81c59a71c08bb07c1f6d2547b3a4d483ac4f0ce165e0f4d4892483b1a353f3cf"
"py","audit-backlog","l3io-util","l3io-util/l3io-doctor/scripts/audit-backlog.py","e2043b901d27bdae5d1b5f3b73aaf2265cece52a0f6d49c89341c81b89728205"
"py","bmad-deps","l3io-util","l3io-util/l3io-doctor/scripts/bmad-deps.py","d87e51867749c643536d03da35b1cd3145ab47042eee18e8a8d9d8e9c8e4909e"
"py","check-pm-status","l3io-util","l3io-util/l3io-doctor/scripts/check-pm-status.py","cdf42d6fb51696ccbccd15faf76cf325aa3ddceca1a31c2a18c0ece9040e239d"
"py","detect-layout","l3io-util","l3io-util/l3io-doctor/scripts/detect-layout.py","32ad8184be311fd528a842fc2d3597007dee9c1f908a4f4999e4e0136262d016"
"py","merge-config","l3io-util","l3io-util/l3io-doctor/scripts/merge-config.py","22f51eed631c64134d352c236917e0a98ec5b5fe5d0810394f4615905c6ef7dc"
"py","merge-help-csv","l3io-util","l3io-util/l3io-doctor/scripts/merge-help-csv.py","44cae89d74a247395cc851970e28b65605e958efa04b632209f9bd5ecbc70d69"
"py","migrate-engine","l3io-util","l3io-util/l3io-doctor/scripts/migrate-engine.py","5ac91ab5959da7b7b047dd77841684abf765616a3db592ee094789d43fc14ec9"
"py","pm-status","l3io-util","l3io-util/l3io-doctor/scripts/pm-status.py","6fbaf4d501cc423c41637d5b27a4c633d3455127b4c930d4e0624c7725cc74f7"
"py","read-artifacts","l3io-util","l3io-util/l3io-doctor/scripts/read-artifacts.py","8157532189b569724bcbaad99fff335b2a4dfb2de5aae3a7757c4d53e8aff315"
"py","read-bmad-flat","l3io-util","l3io-util/l3io-doctor/scripts/read-bmad-flat.py","f376e6191f0ccd27ccd40d4cfb8b13e6de9abdbd0f11a1856c17bc4242d27c01"
"py","read-l3io-flat","l3io-util","l3io-util/l3io-doctor/scripts/read-l3io-flat.py","b9941eb319c9c4d4da226f2894b17abf879d598d9c6dd3ec49d67225aacd346e"
"py","read-per-epic","l3io-util","l3io-util/l3io-doctor/scripts/read-per-epic.py","97cc684184433b77b3c6073ce84939234e8fd202884422c14e83abf5f4446f1c"
"py","read-split","l3io-util","l3io-util/l3io-doctor/scripts/read-split.py","ae160e34a1f6033e375610316d6493053cecc482ebd26a21754d68cbd51641e2"
"py","spec-align","l3io-util","l3io-util/l3io-doctor/scripts/spec-align.py","ff4a441bf08fb0819be75d96de0462ef2f46737cc1f808c5e84ed0f748fd5ab4"
"py","state-record","l3io-util","l3io-util/l3io-doctor/scripts/state-record.py","9f24f244499d149195a19e3eb041b0ac5de46e767950deb87596912d063d90a2"
"py","write-module-config","l3io-util","l3io-util/l3io-doctor/scripts/write-module-config.py","fdc0e81cda51221599907b9023a096b0570e096b7d921fb0c1db2050afa7a80f"
"toml","customize","l3io-util","l3io-util/l3io-doctor/customize.toml","60d30a8af1e956c7a3f9644413710d20f2f3dded2aad6c5145a05d832a866c03"
"yaml","config","l3io-util","l3io-util/config.yaml","7349de934acd456a833e7451bc476b2a11d5aec1e7b4e96eeb852ad1f9805568"
"yaml","module","l3io-util","l3io-util/l3io-doctor/assets/module.yaml","306329468c54cf98b5467a3d01da0f217ef3d18b7091deba64c2360652567d16"
"file",".gitignore","render","render/.gitignore","240a3e0d37d2e86b614063f5347eb02d4f99ca6c254de6b82871ff8d95532a7d"
"py","config_utils","scripts","scripts/config_utils.py","48afe2bc18a29201e343cce3703be1e70df9c83ee74eeb68e57ef8ef42e8c651"
"py","memlog","scripts","scripts/memlog.py","3b00f82ca33dc4227f715123b939514ee35c4f9c71150c894c3d8185df1b48df"
"py","render_skill","scripts","scripts/render_skill.py","8496d0d8b449d64c21b42a9aab3b13fc8a813a430c0695ffd84ad75bb1da7942"
"py","resolve_config","scripts","scripts/resolve_config.py","70d7577396ed40ab9462ab75dce51f852bc2e094b2d1a054214f1b30c8789768"
"py","resolve_customization","scripts","scripts/resolve_customization.py","c95aab9f2dc500d6ab7db77d6a7860028701ce414e03690613a282cc3659d284"
